#DELETED-12/04/11#gozilla		salvador@caspur.it
#DELETED-12/06/25#alberto.calcetto	petris, Alberto De	Alberto De petris <a.depetris@caspur.it>
a.federico	Federico, Alessandro	Alessandro Federico <alessandro.federico@caspur.it>
alberto.caspur	Petris, Alberto De	Alberto De Petris <alberto.depetris@gmail.com>
andrea.calcetto	Conte, Andrea	Andrea Conte <setto2001@libero.it>
antonio.calcetto		toroseduto422@yahoo.it
aurora	Aurora Ponzi	aurora.ponzi@libero.it
bodo	Enrico Bodo	Enrico Bodo <e.bodo@caspur.it>
bovino	Stefano Bovino	Stefano Bovino <s.bovino@caspur.it>
cacciatore	Mario Cacciatore	Mario Cacciatore <mario.cacciatore@ba.imip.cnr.it>
calcetto		(alberto.caspur,andrea.calcetto,antonio.calcetto,gianluca.caspur,marco.caspur,massi.calcetto,
   paolo.caspur,sergio.caspur,tommaso.calcetto)
carmen	carmencolomba	carmencolomba <carmencolomba@fastwebnet.it>
chiara.chem	panosetti, chiara	chiara panosetti <chiara.panosetti@gmail.com>
chiara.mottoletti	chiara mottolese	chiara <chiara.mot@infinito.it>
CinecircoloRomano	Cinecircolo Romano	cine <segreteria@cinecircoloromano.it>		http://www.cinecircoloromano.it/index.htm
cinghiale	Bozza, Gianpiero	Gianpiero Bozza <gianpiero.bozza@gmail.com>
coccia	Emanuele Coccia	Emanuele Coccia <coccia@caspur.it>
conor	Conor Mahon	mahonco@tcd.ie
david.chem	duran, david lopez	david lopez duran <lopez@caspur.it>
delgado-barrio	Barrio, Gerardo Delgado	Gerardo Delgado Barrio <gerardo@imaff.cfmac.csic.es>
dino.caspur	b.elmi@caspur.it	"b.elmi@caspur.it" <b.elmi@caspur.it>
dirty	Daniele Paoletti	d.paoletti@caspur.it
enrico.caspur	Castelli, Enrico Maria	Enrico Maria Castelli <em.castelli@caspur.it>
eva.dublin		evifer@ozu.es		eva dublin
fabio.chem	fabio marinetti	fabio <marinett@caspur.it>
FAG	F.A. Gianturco	fa.gianturco@caspur.it		http://www.chem.uniroma1.it/~gianturc/
fol		(Federico Massaioli <federico.massaioli@caspur.it>,Luca Ferraro <luca.ferraro@caspur.it>,Mario Tacconi <tacconi@caspur.it>,
   Nico Sanna <Nico.Sanna@caspur.it>,Sergio Orlandini <s.orlandini@caspur.it>)
franceschino	sebastianelli, francesco	francesco sebastianelli <f.sebastianelli@caspur.it>
Garrido	Garrido, Eduardo	Eduardo Garrido <e.garrido@iem.cfmac.csic.es>
germano		germo@fastwebnet.it
giacomo	Giacomo Orlandini	giamaicas@hotmail.com
gianluca.caspur	Prosperini, Gianluca	Gianluca Prosperini <g.prosperini@caspur.it>
giordano.caspur	Mancini, Giordano	Giordano Mancini <G.Mancini@caspur.it>
giovanni	giovanni ligabue	giovanni <nocciols@libero.it>
goz.caspur	Salvadore, Francesco	Francesco Salvadore <f.salvadore@caspur.it>
griffith	Accommodation	Accommodation <accommodation@gcd.ie>
hpp		(dirty,giordano.caspur,goz.caspur,mario.caspur,mattia.caspur,paolo.caspur,sergio.caspur,tommaso.calcetto,
   tommaso.caspur)
ichec		systems@ichec.ie
ilpicchio		ilpicchio@fastwebnet.it
ISA	isabella baccarelli	bacca@caspur.it
ivan.calcetto	angelo, ivan de	ivan de angelo <nelmiomondo84@hotmail.it>
IvanGirotto	Ivan Girotto	ivan.girotto@ichec.ie		Irish Centre for High-End
 : Computing (ICHEC) http://www.ichec.ie/about_us/ivan_girotto
jamaica	jamaica.caspur.it	jamaica <root@jamaica.caspur.it>
jan	Wigger, Jan	Jan Wigger <wigger@mi.fu-berlin.de>
jeremy	Lucid, Jeremy	Jeremy Lucid <lucidje@tcd.ie>
LaMesa	mesa, camillo la	camillo la mesa <camillo.lamesa@uniroma1.it>
lollo	orifici, lorenzo	lorenzo orifici <lorenzo.orifici@gmail.com>
lollo.caspur	lorenzo condoluci	l.condoluci@caspur.it
luca	luca perfetti	luca.perfetti@yahoo.it
luca.caspur	Ferraro, Luca	Luca Ferraro <luca.ferraro@caspur.it>
luciano.colombo	Colombo, Luciano	Luciano Colombo <luciano.colombo@dsf.unica.it>		http://www.dsf.unica.it/colombo/
marcello.dublin	margagliotti, marcello	marcello margagliotti <marcellomarga@yahoo.it>
marco.calcetto	Hotmail	Hotmail <marco.dinocco@hotmail.it>
marco.caspur	Marco Costantini	marco.costantini@caspur.it
marco.chem	Marco Campetella	riddick82@gmail.com
MariaPia	Giammario, Pia	Pia Giammario <pia.giammario@uniroma1.it>
mariella	Ippolito, Mariella	Mariella Ippolito <m.ippolito@caspur.it>
mario.caspur	Tacconi, Mario	Mario Tacconi <tacconi@caspur.it>
mario.chem	Mario Tacconi	Mario Tacconi <tacconi@caspur.it>
martin1	Held, Martin	Martin Held <held@mi.fu-berlin.de>
martin2	Fischbach, Martin	Martin Fischbach <mail@martin-fischbach.de>
massaioli	Massaioli, Federico	'Federico Massaioli' <federico.massaioli@caspur.it>
massi.calcetto		massimiliano.frassetto@marina.difesa.it
mattia.caspur	D'Antonio, Mattia	Mattia D'Antonio <m.dantonio@caspur.it>
mauro.livia	Mauro Lorenzini	Mauro <maurice71@gmail.com>
meloni	Meloni, Simone	Simone Meloni <Simone.Meloni@caspur.it>		http://www.caspur.it/~simonem/
michael.chem	michael wernli	michael <wernli@caspur.it>
michele.caspur		m.avellino@caspur.it
miguel.caspur		miguel@caspur.it
nico	Nico Sanna	Nico Sanna <Nico.Sanna@caspur.it>
pablo	Pablo Villarreal	Pablo Villarreal <p.villarreal@imaff.cfmac.csic.es>		http://www.imaff.csic.es/fam/personas/pablo/pablo.html
palma	Palma, Amedeo	Amedeo Palma <amedeo.palma@ismn.cnr.it>
PaoloBarletta	Paolo Barletta	Paolo <paolo@theory.phys.ucl.ac.uk>		http://www.tampa.phys.ucl.ac.uk/~paolo/
paolo.caspur		Paolo.Donorio@caspur.it
papa	Enzo Orlandini	enzorlandini@hotmail.com		cel: 330990956
patrizia	p.michetti	p.bonadies@caspur.it
pierre.dublin		pageslin@gmail.com
popolis	popolis	helpdesk@popolis.it
poseidon	poseidon.caspur.it	poseidon <root@poseidon.caspur.it>
qpyt10		qpyt10@gmail.com
riccardo	Chiapolino, Riccardo	Riccardo Chiapolino <mavericky@fastwebnet.it>
rosati	Mario Rosati	Mario.Rosati@caspur.it
rutigliano	Rutigliano, Maria	Maria Rutigliano <maria.rutigliano@ba.imip.cnr.it>
sara.bonella	Sara Bonella	Sara Bonella <sara.bonella@roma1.infn.it>
scifoni	Emanuele Scifoni	Emanuele Scifoni <scifoni@caspur.it>
sciortino	Francesco Sciortino	francesco.sciortino@phys.uniroma1.it
sergio.caspur	Sergio Orlandini	Sergio Orlandini <s.orlandini@caspur.it>
sergio.cnr	Sergio Orlandini	Sergio Orlandini <sergio.orlandini@ba.imip.cnr.it>		cscpso22
silvia	Silvia Carosio	silviacarosio@hotmail.it		3290166314, 0687179370,
 : lab: 0649766607
stefano.caspur	Stefano Tagliaventi	Stefano Tagliaventi <S.Tagliaventi@caspur.it>
sterpone	Fabio Sterpone	fabio.sterpone@ens.fr
tatoli	Simone Tatoli	tatoli@caspur.it
tatoli.calcetto		simonetatoli@hotmail.com
thomas	longhi, thomas	thomas longhi <tom.longhi@gmail.com>
titta	Tiziana Guerrisi	tiziana.guerrisi@gmail.com
tomas.chem	Tomas Gonzalez Lezana	Tomas Gonzalez Lezana <tglezana@imaff.cfmac.csic.es>		http://www.imaff.csic.es/fam/person/tomas/tomas.html
tommaso.calcetto	tommaso biagini	biagini84@yahoo.it
tommaso.caspur	Tommaso Biagini	t.biagini@caspur.it
valentina	Valentina Migliorati	V.Migliorati@caspur.it
valeria	valeria de pratti	valedepratti@gmail.com
virgi	Ciardini, Virginia	Virginia Ciardini <virginia.ciardini@gmail.com>
vittorio.caspur	Ruggiero, Vittorio	Vittorio Ruggiero <Vittorio.Ruggiero@caspur.it>
willy	garofalo, willy	willy garofalo <willygarofalo@yahoo.it>
